Name,Organism,Mechanism,Efficiency_Score,Size,Usable_In,Generalizable,Commonly_Paired_With,Notes,sequence
B0015,Synthetic (E. coli),Intrinsic (Rho-independent),95,~129 bp,Broad gram-negatives,Yes,"Anderson promoters, BioBrick vectors",Double terminator — B0010+B0012 in tandem. iGEM BioBrick standard. Tandem design ensures near-zero read-through.,ccaggcatcaaataaaacgaaaggctcagtcgaaagactgggcctttcgttttatctgttgtttgtcggtgaacgctctctactagagtcacactggctcaccttcgggtgggcctttctgcgtttata
ECK120029600,E. coli,Intrinsic (Rho-independent),90,~50 bp,E. coli / gram-negatives,Yes,Synthetic promoters,High-efficiency intrinsic terminator from iGEM/CIDAR characterized library. Sequence-defined with quantified activity.,TTCAGCCAAAAAACTTAAGACCGCCGGTCTTGTCCACTACCTTGCAGTAATGCGGTGGACAGGATCGGCGGTTTTCTTTTCTCTTCTCAA 
T7,Bacteriophage T7 / E. coli,Intrinsic (Rho-independent),95,~50 bp,E. coli (T7 systems only),No,T7 promoter (pET system),High efficiency but ONLY IN BACTERIA THAT HAVE T7 RNA polymerase. Not broadly portable — only use in T7 expression systems.,ctagcataaccccttggggcctctaaacgggtcttgaggggttttttg
amyE,B. subtilis,Intrinsic (Rho-independent),90,~100 bp,B. subtilis,Yes,"Pveg, Pspac, Pgrac, P43",Standard B. subtilis terminator. High efficiency intrinsic. amyE is also the primary integration locus so naturally flanks integration sites.,CGAAAGAAACCATCAATGATGGTTTCTTTTTTGTTCATAAA
rrnB,E. coli,Intrinsic (Rho-independent),95,~120 bp,E. Coli,Yes,E. coli used most often,Very effective,caaataaaacgaaaggctcagtcgaaagactgggcctttcgttttatctgttgtttgtcggtgaacgctctctactagagtcacactggctcaccttcgggtgggcctttctgcg
pepN,Lactococcus lactis,Intrinsic (Rho-independent),88,~90 bp,L. lactis / lactic acid bacteria,Yes,Pnis (NICE system),High efficiency intrinsic terminator from nisin biosynthesis cluster. Standard for LAB expression.,taatttataaataaaaatcaccttttagaggtggtttttttatttataaatta
SV40_polyA,Simian virus 40,Poly-A / cleavage,92,~250 bp,Broad mammalian,Yes,"CMV, EF1α, CAG, TBG",Most widely used mammalian terminator. Efficient cleavage and polyadenylation. Found in virtually every mammalian expression vector.,TAAGATACATTGATGAGTTTGGACAAACCACAACTAGAATGCAGTGAAAAAAATGCTTTATTTGTGAAATTTGTGATGCTATTGCTTTATTTGTAACCATTATAAGCTGCAATAAACAAGTT
BGH_polyA,Bovine growth hormone,Poly-A / cleavage,93,~225 bp,Broad mammalian,Yes,"CMV, EF1α, CAG",Very efficient. Standard in pCDNA3.1. Interchangeable with SV40 poly-A in most contexts.,ctgtgccttctagttgccagccatctgttgtttgcccctcccccgtgccttccttgaccctggaaggtgccactcccactgtcctttcctaataaaatgaggaaattgcatcgcattgtctgagtaggtgtcattctattctggggggtggggtggggcaggacagcaagggggaggattgggaagacaatagcaggcatgctggggatgcggtgggctctatgg
hGH_polyA,Human growth hormone,Poly-A / cleavage,94,~600 bp,Broad mammalian,Yes,"EF1α, CAG",Largest common mammalian poly-A but strongest in some cell types. Includes downstream enhancer elements.,gacgggtggcatccctgtgacccctccccagtgcctctcctggccctggaagttgccactccagtgcccaccagccttgtcctaataaaattaagttgcatcattttgtctgactaggtgtccttctataatattatggggtggaggggggtggtatggagcaaggggcaagttgggaagacaacctgtagggcctgcggggtctattgggaaccaagctggagtgcagtggcacaatcttggctcactgcaatctccgcctcctgggttcaagcgattctcctgcctcagcctcccgagttgttgggattccaggcatgcatgaccaggctcagctaatttttgtttttttggtagagacggggtttcaccatattggccaggctggtctccaactcctaatctcaggtgatctacccaccttggcctcccaaattgctgggattacaggcgtgaaccactgctcccttccctgtccttt
rbGlob_polyA,Rabbit β-globin,Poly-A / cleavage,90,~130 bp,Broad mammalian (AAV),Yes,"CBA, EF1α (AAV vectors)",Compact and efficient. Preferred for size-limited AAV vectors. Often combined with WPRE.,tctttttccctctgccaaaaattatggggacatcatgaagccccttgagcatctgacttctggctaataaaggaaatttattttcattgcaatagtgtgttggaattttttgtgtctctcactcggaaggacatatgggagggcaaatcatttaa
CYC1,S. cerevisiae,Poly-A / cleavage,92,~250 bp,S. cerevisiae / broad yeast,Yes,"GAL1, TEF1, PGK1, ADH1",Most widely used yeast terminator. Efficient 3' processing. Used with virtually every yeast expression vector.,tcatgtaattagttatgtcacgcttacattcacgccctccccccacatccgctctaaccgaaaaggaaggagttagacaacctgaagtctaggtccctatttatttttttatagttatgttagtattaagaacgttatttatatttcaaatttttcttttttttctgtacagacgcgtgtacgcatgtaacattatactgaaaaccttgcttgagaaggttttgggacgctcgaaggctttaatttgc
ADH1,S. cerevisiae,Poly-A / cleavage,88,~340 bp,S. cerevisiae,Yes,"GAL1, TEF1, ADH1",High efficiency. Common alternative to CYC1. Preferred when CYC1 causes read-through.,gcgaatttcttatgatttatgatttttattattaaataagttataaaaaaaataagtgtatacaaattttaaagtgactcttaggttttaaaacgaaaattcttattcttgagtaactctttcctgtaggtcaggttgctttctcaggtatagtatgaggtcgctcttattgaccacacctctaccgg
PGK1,S. cerevisiae,Poly-A / cleavage,88,~280 bp,S. cerevisiae,Yes,"PGK1, TEF1",Efficient 3' processing. Common in metabolic engineering cassettes.,taaggaattgccaggtgttgctttcttatccgaaaagaaataaattgaattgaattgaaatcgatagatcaatttttttcttttctctttccccatcctttacgctaaaataatagtttattttattttttgaatattttttatttatatacgtatatatagactattatttatcttttaatgattattaagatttttattaaaaaaaaattcgctcctcttttaatgcctttatgcagtttttttttcccattcgatatttctatgttcgggttcagcgtattt
AOX1,P. pastoris,Poly-A / cleavage,90,~260 bp,P. pastoris,Yes,"AOX1, GAP",Standard P. pastoris terminator. Found in all pPICZ and pHIL vectors.,tcaagaggatgtcagaatgccatttgcctgagagatgcaggcttcatttttgatacttttttatttgtaacctatatagtataggattttttttgtcattttgtttcttctcgtacgagcttgctcctgatcagcctatctcgcagctgatgaatatcttgtggtaggggtttgggaaaatcattcgagtttgatgtttttcttggtatttcccactcctcttcagagtacagaagattaagtgaga
NOS,Agrobacterium tumefaciens,Poly-A / cleavage,88,~260 bp,Broad plants,Yes,"35S CaMV, Ubi1, Act1",Most widely used plant terminator. Efficient in both dicots and monocots. Found in virtually every plant binary vector.,gatcgttcaaacatttggcaataaagtttcttaagattgaatcctgttgccggtcttgcgatgattatcatataatttctgttgaattacgttaagcatgtaataattaacatgtaatgcatgacgttatttatgagatgggtttttatgattagagtcccgcaattatacatttaatacgcgatagaaaacaaaatatagcgcgcaaactaggataaattatcgcgcgcggtgtcatctatgttactagatc
OCS,Agrobacterium tumefaciens,Poly-A / cleavage,85,~180 bp,Broad plants,Yes,"35S CaMV, Dual 35S",Compact efficient alternative to NOS terminator in dicots.,ctgctttaatgagatatgcgagaagcctatgatcgcatgatatttgctttcaattctgttgtgcacgttgtaaaaaacctgagcatgtgtagctcagatccttaccgccggtttcggttcattctaatgaatatatcacccgttactatcgtatttttatgaataatattctccgttcaatttactgattgtaccctactacttatatgtacaatattaaaatgaaaacaatatattgtgctgaataggtttatagcgacatctatgatagagcgccacaataacaaacaattgcgttttattattacaaatccaattttaaaaaaagcggcagaaccggtcaaacctaaaagactgattacataaatcttattcaaatttcaaaagtgccccaggggctagtatctacgacacaccgagcggcgaactaataacgctcactgaagggaactccggttccccgccggcgcgcatgggtgagattccttgaagttgagtattggccgtccgctctaccgaaagttacgggcaccattcaacccggtccagcacggcggccgggtaaccgacttgctgccccgagaattatgcagcatttttttggtgtatgtgggccccaaatgaagtgcaggtcaaaccttgacagtgacgacaaatcgttgggcgggtccagggcgaattttgcgacaacatgtcgaggctcagcag
35S_CaMV,Cauliflower mosaic virus,Poly-A / cleavage,85,~200 bp,Broad plants (dicots preferred),Yes,"35S CaMV, Dual 35S",Naturally paired with 35S promoter. Efficient polyadenylation in dicots.,ctagagtccgcaaaaatcaccagtctctctctacaaatctatctctctctatttttctccagaataatgtgtgagtagttcccagataagggaattagggttcttatagggtttcgctcatgtgttgagcatataagaaacccttagtatgtatttgtatttgtaaaatacttctatcaataaaatttctaattcctaaaaccaaaatccagtgacc
rbcS-E9,Pisum sativum (pea),Poly-A / cleavage,88,~625 bp,Broad plants (dicots + monocots),Yes,"Ubi1, Act1, 35S",Efficient in both monocots and dicots. More broadly portable than NOS in some monocot contexts.,AGAGCTTTCGTTCGTATCATCGGTTTCGACAACGTTCGTCAAGTTCAATGCATCAGTTTCATTGCGCACACACCAGAATCCTACTGAGTTTGAGTATTATGGCATTGGGAAAACTGTTTTTCTTGTACCATTTGTTGTGCTTGTAATTTACTGTGTTTTTTATTCGGTTTTCGCTATCGAACTGTGAAATGGAAATGGATGGAGAAGAGTTAATGAATGATATGGTCCTTTTGTTCATTCTCAAATTAATATTATTTGTTTTTTCTCTTATTTGTTGTGTGTTGAATTTGAAATTATAAGAGATATGCAAACATTTTGTTTTGAGTAAAAATGTGTCAAATCGTGGCCTCTAATGACCGAAGTTAATATGAGGAGTAAAACACTTGTAGTTGTACCATTATGCTTATTCACTAGGCAACAAATATATTTTCAGACCTAGAAAAGCTGCAAATGTTACTGAATACAAGTATGTCCTCTTGTGTTTTAGACATTTATGAACTTTCCTTTATGTAATTTTCCAGAATCCTTGTCAGATTCTAATCATTGCTTTATAATTATAGTTATACTCATGGATTTGTAGTTGAGTATGAAAATATTTTTTAATGCATTTTATGACTTGCCAATTGATTGACAAC
trpC,Aspergillus nidulans,Poly-A / cleavage,90,~450 bp,Aspergillus / broad filamentous fungi,Yes,"pgk, glaA, alcA",Most widely used filamentous fungal terminator. Efficient 3' processing. Found in virtually every Aspergillus vector.,tgatttaatagctccatgtcaacaagaataaaacgcgttttcgggtttacctcttccagatacagctcatctgcaatgcattaatgcattgactgcaacctagtaacgccttcaggctccggcgaagagaagaatagcttagcagagctattttcattttcgggagacgagatcaagcagatcaacggtcgtcaagagacctacgagactgaggaatccgctcttggctccacgcgactatatatttgtctctaattgtactttgacatgctcctcttctttactctgatagcttgactatgaaaattccgtcaccagccctgggttcgcaaagataattgcatgtttcttccttgaactctcaagcctacaggacacacattcatcgtaggtataaacctcgaaatcattcctactaagatggtatacaatagtaaccatggttgcctagtgaatgctccgtaacacccaatacgccggccgaaacttttttacaactctcctatgagtcgtttacccagaatgcacaggtacacttgtttagaggtaatccttcttt
